{
    "documentation": "A car.",

    "fields": [
        {
            "documentation": "Name of the car. Only for display purposes.",
            "name": "name",
            "type": "String",
            "nullable": false
        },
        {
            "documentation": "Color of the car in android color representation.",
            "name": "color",
            "type": "Integer",
            "nullable": false
        },
        {
            "documentation": "Initial mileage of the car, when it starts to be used in the app.",
            "name": "initial_mileage",
            "type": "Integer",
            "nullable": false,
            "defaultValue": 0
        },
        {
            "documentation": "When the car has been suspended, this contains the start date.",
            "name": "suspended_since",
            "type": "Date"
        }
    ]
}
