{
    "documentation": "A cost for a car, that is not a refueling. Can also be an income, in which case the price is negative.",

    "fields": [
        {
            "documentation": "Display title of the cost.",
            "name": "title",
            "type": "String",
            "nullable": false
        },
        {
            "documentation": "Date on which the cost occurred.",
            "name": "date",
            "type": "Date",
            "nullable": false
        },
        {
            "documentation": "Mileage on which the cost occurred.",
            "name": "mileage",
            "type": "Integer"
        },
        {
            "documentation": "The price of the cost. If it is an income, the price it negative.",
            "name": "price",
            "type": "Float",
            "nullable": false
        },
        {
            "documentation": "Recurrence information. Together with the recurrence_multiplier this gives a recurrence like every 5 days.",
            "name": "recurrence_interval",
            "type": "enum",
            "enumName": "RecurrenceInterval",
            "enumValues": [
                "ONCE",
                "DAY",
                "MONTH",
                "QUARTER",
                "YEAR"
            ],
            "nullable": false
        },
        {
            "documentation": "Recurrence information. Together with the recurrence_interval this gives a recurrence like every 5 days.",
            "name": "recurrence_multiplier",
            "type": "Integer",
            "nullable": false
        },
        {
            "documentation": "Date on which the recurrence ends or null, if there is no known end date yet.",
            "name": "end_date",
            "type": "Date"
        },
        {
            "documentation": "A note for this cost. Just for display purposes.",
            "name": "note",
            "type": "String",
            "nullable": false
        },
        {
            "name": "car_id",
            "type": "Long",
            "nullable": false,
            "foreignKey": {
                "table": "car",
                "onDelete": "CASCADE"
            }
        }
    ]
}
