{
    "documentation": "A refueling for a car.",

    "fields": [
        {
            "documentation": "Date on which the refueling occurred.",
            "name": "date",
            "type": "Date",
            "nullable": false
        },
        {
            "documentation": "Mileage on which the refueling occurred.",
            "name": "mileage",
            "type": "Integer",
            "nullable": false
        },
        {
            "documentation": "The amount of fuel, that was refilled.",
            "name": "volume",
            "type": "Float",
            "nullable": false
        },
        {
            "documentation": "The price of the refueling.",
            "name": "price",
            "type": "Float",
            "nullable": false
        },
        {
            "documentation": "Indicates if the tank was filled completely or only partially.",
            "name": "partial",
            "type": "Boolean",
            "nullable": false
        },
        {
            "documentation": "A note for this refueling. Just for display purposes.",
            "name": "note",
            "type": "String",
            "nullable": false
        },
        {
            "name": "fuel_type_id",
            "type": "Long",
            "nullable": false,
            "foreignKey": {
                "table": "fuel_type",
                "onDelete": "CASCADE"
            }
        },
        {
            "name": "car_id",
            "type": "Long",
            "nullable": false,
            "foreignKey": {
                "table": "car",
                "onDelete": "CASCADE"
            }
        }
    ]
}
